Shipment Name,"OBL No. ","Status ",CONTRACT NO.," PI NO."," PI VALUE ","INVOICE NO. "," FCLs Goods","Shipping line "," ETD"," ETA","S. Price ","GROSS WEIGHT   ","Contract Quantity/MT ","Total Amount ",PROVISIONAL INVOICE VALUE,FINAL INVOICE /Balance," POL ZN%",POD ZN%," POL Moisture "," POD Moisture ",LME  PI,LME  POL,LME  POD,"Tracking # ","Due Date  ",LABORATORY REPORT,"  Shipping Docs/ provisional hipping Docs/ provisional ",Shipping Docs/ FINAL Docs,Last edited time
LC VIETNAM 74 Phuc Hung Colorful Metal Joint Stock Company/ELC2500000046/ EXP. 15/4/2025,GQL0381525,Done,633ZN/2024,47PI-2024,"$76,969.50",04ZND/2025,Zinc Concentrate Powder,CMA,"January 26, 2025","March 16, 2025",160,532.111,500,"85,014.24  ","$76,512.82","$8,501.42",22.42,23.64,14.29,19.71,690,690,,DHL NO. 6556892042 DELEIVERD ON 12/2/2025,,shipping%20schedule%202025%201eba83cf6f18805e8536eb1202f67822/LABORATORY_REPORT-AEDML250043-R0-AEDMM-25-00024-METALUCK-ZINC-ECUADOR-GQL0381525.pdf,shipping%20schedule%202025%201eba83cf6f18805e8536eb1202f67822/FULL_SET_OF_DOC.pdf,,"May 6, 2025 3:49 PM"
"Final presentaion ",,Done,633ZN/2024,47PI-2024,"$76,969.50",04FZND/2025,Zinc Concentrate Powder,CMA,"January 26, 2025","March 16, 2025",160,532.111,500,"85,014.24",,"$8,501.42",,,,,,,,07/04/2025,,,,shipping%20schedule%202025%201eba83cf6f18805e8536eb1202f67822/Final_invoice_UNDER_LC.pdf,"May 6, 2025 3:49 PM"
"Final setelment ",,Done,633ZN/2024,47PI-2024,"$76,969.50",04FFZND/2025,Zinc Concentrate Powder,CMA,"January 26, 2025","March 16, 2025",163.12,529.45,500,"69,255.04",,"-15,759.20",,,,19.71,,,690,"DHL 4730315892 Estimated Time of Arrival
April 1, 2025 ",,,,"shipping%20schedule%202025%201eba83cf6f18805e8536eb1202f67822/Final_invoice__outside_LC.pdf, shipping%20schedule%202025%201eba83cf6f18805e8536eb1202f67822/NB29484_-_REPORT.pdf, shipping%20schedule%202025%201eba83cf6f18805e8536eb1202f67822/NB29484-COA.pdf","May 6, 2025 3:49 PM"
"XIN SHENG ENVIRONMENTAL (M) SDN BHD /79/villingota ",GQL0377222,Done,MTKEAF2024/001,52PI-2024,"$51,768.54",66ZND/2024,Zinc Concentrate Powder,CMA,"December 16, 2024","November 2, 2025",176.5,1195.763,1960,"191,049.25 "," 129,728.25","$-42,666.98",24.93,"22.02 only 10% has been inspected ",09.34,15.06%,2950,2950,2825.16,ahk result on 20-Mar-2025,,shipping%20schedule%202025%201eba83cf6f18805e8536eb1202f67822/LABORATORY_REPORT-AEDML240466-R0-AEDMM-24-00358-Metaluck-Zinc-Ecuador_Villingota-GQL0377222.pdf,shipping%20schedule%202025%201eba83cf6f18805e8536eb1202f67822/full_set_of_doc.pdf,"shipping%20schedule%202025%201eba83cf6f18805e8536eb1202f67822/SGS_Malaysia_14042025.pdf, shipping%20schedule%202025%201eba83cf6f18805e8536eb1202f67822/FINAL_INVOICE.pdf, shipping%20schedule%202025%201eba83cf6f18805e8536eb1202f67822/200008091-_Inspection_Report_(43_containers_-_BL_GQL0377222)_-Xin_Sheng_Environmental_Sdn_Bhd.docx_watermark_stamp_signature_digitally_signed.pdf","May 6, 2025 3:49 PM"
XIN SHENG ENVIRONMENTAL (M) SDN BHD /79/Guatemala,247739730,Done,MTKEAF2024/001,53PI-2024,"$12,260.97",01ZND/2025,Zinc Concentrate Powder,Mearsk,"January 7, 2025","March 14, 2025",349.85,250.32,1960,"86,056.10 "," $69,492.32","$3,700.41",34.88 / 01.59,36.56,01.59,4.57,2950,2950,2799.7,"FINAL INSPECTION SENT ",,shipping%20schedule%202025%201eba83cf6f18805e8536eb1202f67822/LABORATORY_REPORT-AEDML250001-R0-AEDMM-25-00001-Metaluck-Zinc-Guatemala.pdf,shipping%20schedule%202025%201eba83cf6f18805e8536eb1202f67822/full_set_of_doc%201.pdf,"shipping%20schedule%202025%201eba83cf6f18805e8536eb1202f67822/200008951_-_Inspection_Report_(10_Containers_-_BL_247739730)_-_Metaluck_Global_Resources_DMCC..pdf, shipping%20schedule%202025%201eba83cf6f18805e8536eb1202f67822/MTKEAF2024-001-Guat_FINAL_CALCULATION.pdf, shipping%20schedule%202025%201eba83cf6f18805e8536eb1202f67822/Final_invoice_(1).pdf","May 6, 2025 3:49 PM"
XIN SHENG ENVIRONMENTAL (M) SDN BHD /79/novacero,GQL0377223,Done,MTKEAF2024/001,54PI-2024,"$24,976.05",69ZND/2024,Zinc Concentrate Powder,CMA,"December 30, 2024","February 24, 2025",202.64,564.41,1960,"108,946.96 ","$78,523.56","$4,407.13",26.42,26.44,04.58,2.14,2950,2950,2825.16,"FINAL INSPECTION SENT ",,shipping%20schedule%202025%201eba83cf6f18805e8536eb1202f67822/LABORATORY_REPORT-AEDML250002-R0-AEDMM-25-00001-Metaluck-Zinc-NOVACERO-LASSO-GQL03772223.pdf,shipping%20schedule%202025%201eba83cf6f18805e8536eb1202f67822/FULL_SET_OF_DOC..pdf,"shipping%20schedule%202025%201eba83cf6f18805e8536eb1202f67822/FINAL__invoice_(2).pdf, shipping%20schedule%202025%201eba83cf6f18805e8536eb1202f67822/200008436-_Inspection_Report_(20_containers_-_BL_GQL0377223)_-Xin_Sheng_Environmental_Sdn_Bhd.pdf","May 6, 2025 3:49 PM"
"Befesa Zinc Korea Co.,Ltd. / 80 / ELC2400003816/18 container from villingota and 12 cont. from andec monthly genereation ",GQL0379292,Done,,55PI-2024,"$120,337.35",67ZND/2024,ELECTRIC ARC FURNACE DUST (EAFD),CMA,"December 29, 2024","January 22, 2025",157.19,672.66,700,"99526.89 ","$92,560.01","$-10,240.62",average 26.6,23.87,05.71,9.06,3042.8,3042.8,2825.16,"sample will arrive on 7/1, DHL
3086372015 Delivered,
Monday, 13",,"shipping%20schedule%202025%201eba83cf6f18805e8536eb1202f67822/LABORATORY_REPORT-AEDML250007-R0-AEDMM-25-00001-Metaluck-Zinc-Ecuador-GQL0379292.pdf, shipping%20schedule%202025%201eba83cf6f18805e8536eb1202f67822/LABORATORY_REPORT-AEDML250014-R0-AEDMM-25-00001-Metaluck-Zinc-Ecuador_ANDEC-GQL0379292.pdf",shipping%20schedule%202025%201eba83cf6f18805e8536eb1202f67822/FULL_SET_OF_DOC%201.pdf,"shipping%20schedule%202025%201eba83cf6f18805e8536eb1202f67822/Assay_certificate_67ZND.pdf, shipping%20schedule%202025%201eba83cf6f18805e8536eb1202f67822/Commission__Invoice_-_67FZND.pdf, shipping%20schedule%202025%201eba83cf6f18805e8536eb1202f67822/Final_invoice_(3).pdf, shipping%20schedule%202025%201eba83cf6f18805e8536eb1202f67822/Report_No._P-C-250003_ELECTRIC_ARC_FURNACE_DUST(EAFD)_INSPECTION(_BL_No.GQL0379292).pdf","May 6, 2025 3:49 PM"
SUNPOR TRADING PTE.LTD 81/Ghana/Star Steels to Pakistan,TMA0150423,Done,646ZN/2024,02PI-2025,"$14,330.10",03ZND/2025,Zinc Concentrate Powder,CMA,"January 23, 2025","March 15, 2025",487.09,99.5,100,"47,651.53 ","$33,321.43","$-1,298.25",43.80,43.79,1.29,2.418,"3,062.00",2851.5,"2,799.70","FINAL INSPECTION SENT ",,shipping%20schedule%202025%201eba83cf6f18805e8536eb1202f67822/LABORATORY_REPORT-AEDML240127-R0-AEDMM-24-00107-METALUCK-Zinc-GHANA-BLACK.pdf,"shipping%20schedule%202025%201eba83cf6f18805e8536eb1202f67822/OBL.pdf, shipping%20schedule%202025%201eba83cf6f18805e8536eb1202f67822/FULL_SET_OF_DOC%202.pdf",,"May 6, 2025 3:49 PM"
"Aims Impex Co/  Bangkok Thailand 82/ villingota ",GQL0381418,In progress/ Final,649ZN/2024,56PI-2024,"$85,056.00",07ZND/2025,Zinc Concentrate Powder,CMA,"January 19, 2025","March 22, 2025",123.26,2155.330,2000,"239,283.41 ","$130,299.06",,21.37,,9.8,,"2,997.00","2,884.00",,"50% for inspection ",,shipping%20schedule%202025%201eba83cf6f18805e8536eb1202f67822/LABORATORY_REPORT-AEDML250031-R0-AEDMM-25-00001-METALUCK-ZINC-ECUADOR-GQL0381418.pdf,shipping%20schedule%202025%201eba83cf6f18805e8536eb1202f67822/full_set_of_doc%202.pdf,,"May 6, 2025 3:49 PM"
XIN SHENG ENVIRONMENTAL (M) SDN BHD/ 83 VILLINGOTA,GQL0380883,Done,MTKEAF2024/002,01PI-2025,"$59,034.30",IT was 02PI-2025 now 02ZND-2025 ON 21/4/2025,Zinc Concentrate Powder,CMA,"January 12, 2025","March 14, 2025",123.49,1346.799,1300,"151,982.60  ","$85,349.17",18457.84,20.93,21.92,8.47,9.97,2950,2950,2799.7,"FINAL INSPECTION SENT ",,shipping%20schedule%202025%201eba83cf6f18805e8536eb1202f67822/LABORATORY_REPORT-AEDML250024-R0-AEDMM-25-00001-Metaluck-Zinc-Ecuador_-BL_NO._GQL0380883.pdf,shipping%20schedule%202025%201eba83cf6f18805e8536eb1202f67822/FINAL_BL_GQL0380883.pdf,"shipping%20schedule%202025%201eba83cf6f18805e8536eb1202f67822/200008949_-_Inspection_Report_(48_contaners_-_BL_GQL0380883)_-_Metaluck_Global_Resources_DMCC..pdf, shipping%20schedule%202025%201eba83cf6f18805e8536eb1202f67822/Final_invoice.pdf, shipping%20schedule%202025%201eba83cf6f18805e8536eb1202f67822/MTKEAF2024-002-Andex___FINAL_CALCULATION.pdf","May 6, 2025 3:49 PM"
XIN SHENG ENVIRONMENTAL (M) SDN BHD/ 83 /GUATEMALA,GTA0192423,In progress/ Final,MTKEAF2024/002,04PI-2025,"$13,487.07",09ZND/2025,Zinc Concentrate Powder,CMA,"March 22, 2025","May 1, 2025",380.37,275.5,270,"104,129.71 ","$85,436.15",,36.84,,0.47,,2950,2950,,final inspection sent on 14/3,,shipping%20schedule%202025%201eba83cf6f18805e8536eb1202f67822/LABORATORY_REPORT-AEDML250047-R0-AEDMM-25-00024-METALUCK-ZINC-Guatemala-BL_NO.GTA0192423.pdf,shipping%20schedule%202025%201eba83cf6f18805e8536eb1202f67822/FULL_SET_OF_DOC%203.pdf,,"May 6, 2025 3:49 PM"
XIN SHENG ENVIRONMENTAL (M) SDN BHD/ 83 NOVACERO,GQL0382476,In progress/ Final,MTKEAF2024/002,05PI-2025,"$22,478.44",10ZND/2025,Zinc Concentrate Powder,CMA,"January 26, 2025","March 22, 2025",173.46,507.85,500,"87,390.71 ","$60,542.73","$18,442.96",24.50,27.32,0.62,4.22,2950,2950,2799.7,"FINAL INSPECTION SENT ",,shipping%20schedule%202025%201eba83cf6f18805e8536eb1202f67822/LABORATORY_REPORT-AEDML250042-R0-AEDMM-25-00024-METALUCK-ZINC-ECUADOR-GQL0382476.pdf,shipping%20schedule%202025%201eba83cf6f18805e8536eb1202f67822/full_set_of_doc%203.pdf,"shipping%20schedule%202025%201eba83cf6f18805e8536eb1202f67822/200009341_-_Inspection_Report_(18_containers_-_BL_GQL0382476)_-_Metaluck_Global_Resources_DMCC.pdf, shipping%20schedule%202025%201eba83cf6f18805e8536eb1202f67822/FINAL_invoice_(1).pdf, shipping%20schedule%202025%201eba83cf6f18805e8536eb1202f67822/MTKEAF2024002___GQL0382476___NOVACERO___FINAL_CALCULATION.pdf","May 6, 2025 3:49 PM"
,,In progress/ Final,,,,,,,,,153.61,,,,,,,,,,,,,,,,,,"May 6, 2025 3:49 PM"
XIN SHENG ENVIRONMENTAL (M) SDN BHD /84 /Nigeria   / KAM,LOSF00169500,Done,MTKEAF2025/001,06PI-2025,"$7,011.45",13ZND/2025,Zinc Concentrate Powder,"one ","February 14, 2025","March 29, 2024",363.54,79.85,75,"27,086.27  "," $18,720.51",1191.32,35.21,"34.72 % ",04.51,2.7,2950,2950,2887.83,final inspection sent on 14/3,,shipping%20schedule%202025%201eba83cf6f18805e8536eb1202f67822/LABORATORY_REPORT-AEDML250060-R0-AEDMM-25-00024-METALUCK-ZINC-Nigeria-LOSF00169500.pdf,shipping%20schedule%202025%201eba83cf6f18805e8536eb1202f67822/FULL_SET_OF_DOC%204.pdf,"shipping%20schedule%202025%201eba83cf6f18805e8536eb1202f67822/200009339_-_Inspection_Report_(3_Containers_-_BL_ONEYLOSF00169500)_-_Metaluck_Global_Resources_DMCC.pdf, shipping%20schedule%202025%201eba83cf6f18805e8536eb1202f67822/Final_invoice_(1)%201.pdf, shipping%20schedule%202025%201eba83cf6f18805e8536eb1202f67822/MTKEAF2025-001_Nigeria_Final_Calculation.pdf","May 6, 2025 3:49 PM"
"Befesa Zinc Korea Co.,Ltd. / 85 /ELC2500000253/(7 containers-Andec) ,  (21 containers - villingota) ,",GQL0382357,Done,,03PI-2025,"$79,919.55",05ZND/2025,ELECTRIC ARC FURNACE DUST (EAFD),CMA,"January 26, 2025","February 27, 2025",144.25,629.546,500,"81,704.93 "," $75,985.58",$-956.48,24.28,23.68,9.89,9.91,2829.1,2829.1,"2,799.70","DHL6556819802 Arrived on 
February 12, 2025 ",,"shipping%20schedule%202025%201eba83cf6f18805e8536eb1202f67822/LABORATORY_REPORT-AEDML250044-R0-AEDMM-25-00024-METALUCK-ZINC-ECUADOR-GQL0382357-Andec.pdf, shipping%20schedule%202025%201eba83cf6f18805e8536eb1202f67822/LABORATORY_REPORT-AEDML250045-R0-AEDMM-25-00024-METALUCK-ZINC-ECUADOR-GQL0382357-VILLINGOTA_.pdf",shipping%20schedule%202025%201eba83cf6f18805e8536eb1202f67822/FULL_SET_OF_DOC%205.pdf,"shipping%20schedule%202025%201eba83cf6f18805e8536eb1202f67822/05ZND_Assay_Certicicate.pdf, shipping%20schedule%202025%201eba83cf6f18805e8536eb1202f67822/85_david_commotion__invoice.pdf, shipping%20schedule%202025%201eba83cf6f18805e8536eb1202f67822/Report_No._P-C-250005_ELECTRIC_ARC_FURNACE_DUST(EAFD)_INSPECTION(_BL_No.GQL0382357).pdf, shipping%20schedule%202025%201eba83cf6f18805e8536eb1202f67822/Final_invoice_(6).pdf","May 6, 2025 3:49 PM"
"XIN SHENG ENVIRONMENTAL (M) SDN BHD / 86/ VILINGOTA ",GQL0384135,In progress/ Final,MTKEAF2025/002,08PI-2025,"$67,435.33",14ZND/2025,Zinc Concentrate Powder,CMA,"February 9, 2025","March 29, 2025",158.36,1542.026,2180,"218,147.87  ","$139,805.15",,23.34,,10.54,,2950,2950,,final inspection sent on 14/3,,shipping%20schedule%202025%201eba83cf6f18805e8536eb1202f67822/LABORATORY_REPORT-AEDML250069-R0-AEDMM-25-00024-METALUCK-ZINC_-_ECUADOR_____For_BL_NO._GQL0384135.pdf,shipping%20schedule%202025%201eba83cf6f18805e8536eb1202f67822/FULL_SET_OF_DOC%206.pdf,,"May 6, 2025 3:49 PM"
"XIN SHENG ENVIRONMENTAL (M) SDN BHD / 86/ GUATEMALA ",249876488,In progress/ Final,MTKEAF2025/002,10PI-2025,,15ZND/2025,Zinc Concentrate Powder,MEARSK,"February 18, 2025","April 26, 2025",418.59,400.91,2180,"166,703.89"," $138,751.15",,39.97,,0.51,,2950,2950,,final inspection sent on 7/4,,shipping%20schedule%202025%201eba83cf6f18805e8536eb1202f67822/LABORATORY_REPORT-AEDML250092-R0-AEDMM-25-00024-METALUCK-ZINC-Guatemala-249876488.pdf,shipping%20schedule%202025%201eba83cf6f18805e8536eb1202f67822/FULL_SET_OF_DOC%207.pdf,,"May 6, 2025 3:49 PM"
XIN SHENG ENVIRONMENTAL (M) SDN BHD / 86/ NOVACERO,GQL0385600,In progress/ Final,MTKEAF2025/002,12PI-2025,,17ZND/2025,Zinc Concentrate Powder,CMA,"February 23, 2025","April 24, 2025",218.96,546.26,2180,"118,291.83 "," 98,753.94",,27.49,,0.92,,2950,2950,,final inspection sent on 7/4,,shipping%20schedule%202025%201eba83cf6f18805e8536eb1202f67822/LABORATORY_REPORT-AEDML250101-R0-AEDMM-25-00059-METALUCK-ZINC-DGQL0385600-Novacero.pdf,shipping%20schedule%202025%201eba83cf6f18805e8536eb1202f67822/FULL_SET_OF_DOC%208.pdf,,"May 6, 2025 3:49 PM"
Befesa/ 87 /ELC2500000462/VILLINGOTA,GQL0384200,Done,,07PI-2025,"$499,825.71",08ZND/2025,ELECTRIC ARC FURNACE DUST (EAFD),CMA,"February 9, 2025","March 25, 2025",173.37,969.535,"3,100","166,801.31 ","154,892.92","$1,902.74","27.04 ","26.53 ",0.71,3.79,2853.8,2853.8,"2,887.83","DHL3146237452.Estimated Time of Arrival
February 28,",,shipping%20schedule%202025%201eba83cf6f18805e8536eb1202f67822/LABORATORY_REPORT-AEDML250075-R0-AEDMM-25-00024-METALUCK-ZINC-ECUADOR_-GQL0384200.pdf,shipping%20schedule%202025%201eba83cf6f18805e8536eb1202f67822/FULL_SET_OF_DOC%209.pdf,"shipping%20schedule%202025%201eba83cf6f18805e8536eb1202f67822/FINAL_invoice_(4).pdf, shipping%20schedule%202025%201eba83cf6f18805e8536eb1202f67822/David_Comms_for_BL_end_56606200.pdf, shipping%20schedule%202025%201eba83cf6f18805e8536eb1202f67822/Report_No._P-C-250009_ELECTRIC_ARC_FURNACE_DUST(EAFD)_INSPECTION(BL_No.GQL0384200).pdf, shipping%20schedule%202025%201eba83cf6f18805e8536eb1202f67822/08ZND_Assay_Certificate.pdf","May 6, 2025 3:49 PM"
"Befesa/ 87 /ELC2500000462/ANDEC MONTHLY GENERATION ",GQL0385606,Done,,07PI-2025,"$499,825.71",12ZND/2025,EAFD,CMA,"February 23, 2025","March 23, 2025",173.37,"1,080",3100,"170,638.38 ","$158,693.69","$1,676.58","27   ","26.37 ",6.9,9.67,2853.8,2853.8,"2,887.83","DHL
1825746112.Estimated Time of Arrival
March 17",,"shipping%20schedule%202025%201eba83cf6f18805e8536eb1202f67822/LABORATORY_REPORT-AEDML250096-R0-AEDMM-25-00059-METALUCK-ZINC-GQL0385606-ADELCA(13-14_02_25).pdf, shipping%20schedule%202025%201eba83cf6f18805e8536eb1202f67822/LABORATORY_REPORT-AEDML250097-R0-AEDMM-25-00059-METALUCK-ZINC-GQL0385606-_ANDEC(15_02_25).pdf, shipping%20schedule%202025%201eba83cf6f18805e8536eb1202f67822/LABORATORY_REPORT-AEDML250098-R0-AEDMM-25-00059-METALUCK-ZINC-GQL0385606-Villingota(15_02_25).pdf",shipping%20schedule%202025%201eba83cf6f18805e8536eb1202f67822/FULL_SET_OF_DOC%2010.pdf,"shipping%20schedule%202025%201eba83cf6f18805e8536eb1202f67822/12ZND_Assay_Certificate.pdf, shipping%20schedule%202025%201eba83cf6f18805e8536eb1202f67822/David_Comms_for_BL_end_56606200%201.pdf, shipping%20schedule%202025%201eba83cf6f18805e8536eb1202f67822/FINAL_invoice_(4)%201.pdf, shipping%20schedule%202025%201eba83cf6f18805e8536eb1202f67822/Report_No._P-C-250008((BL_No.GQL0385606)_INVOICE.pdf, shipping%20schedule%202025%201eba83cf6f18805e8536eb1202f67822/Report_No._P-C-250008_ELECTRIC_ARC_FURNACE_DUST(EAFD)_INSPECTION(BL_No.GQL0385606).pdf","May 6, 2025 3:49 PM"
Befesa/ 87 /ELC2500000462/ADELCA,GQL0385056,Done,,07PI-2025,"$499,825.71",11ZND/2025,EAFD,CMA,"February 16, 2025","March 15, 2025",173.37,969.59,3100,"200600.22 ",154724.43,"$39,025.43","30.52 ","30.14 ",0.83,4.04,2853.8,2853.8,"2,887.83","DHL:
7794854454Delivered,
Friday, March 7",,shipping%20schedule%202025%201eba83cf6f18805e8536eb1202f67822/LABORATORY_REPORT-AEDML250095-R1-AEDMM-25-00059-METALUCK-ZINC-GQL0385056-ADELCA(07-12_02_25).pdf,shipping%20schedule%202025%201eba83cf6f18805e8536eb1202f67822/FULL_SET_OF_DOC%2011.pdf,"shipping%20schedule%202025%201eba83cf6f18805e8536eb1202f67822/11ZND_Assay_Certificate.pdf, shipping%20schedule%202025%201eba83cf6f18805e8536eb1202f67822/Final_invoice_(6)%201.pdf, shipping%20schedule%202025%201eba83cf6f18805e8536eb1202f67822/C0MM__927.521.pdf, shipping%20schedule%202025%201eba83cf6f18805e8536eb1202f67822/Report_No._P-C-250007_ELECTRIC_ARC_FURNACE_DUST(EAFD)_INSPECTION(_BL_No.GQL0385056).pdf","May 6, 2025 3:49 PM"
Aims Impex Co/88/villingota   Bangkok Thailand COD JAKARTA,GQL0385597,In progress/ Final,02ZN/2025,09PI-2025,"$76,596.00",18ZND/2025,Zinc Concentrate Powder,CMA,"February 23, 2025",,138.243,1318.943,2000,"148,314.28  ","56,886.85",,22.49,,18.54,,"2,699.00","2,859.00",,,,shipping%20schedule%202025%201eba83cf6f18805e8536eb1202f67822/LABORATORY_REPORT-AEDML250102-R0-AEDMM-25-00059-METALUCK-ZINC-GQL0385597_-Villingota.pdf,shipping%20schedule%202025%201eba83cf6f18805e8536eb1202f67822/FULL_SET_OF_DOC%2012.pdf,,"May 6, 2025 3:49 PM"
Aims Impex Co/88/villingota   Bangkok Thailand COD JAKARTA,GQL0389356,In progress/ Final,02ZN/2025,09PI-2025,"$76,596.00",22ZND/2025,Zinc Concentrate Powder,CMA,"March 22, 2025","June 5, 2025",147.12,676.813,2000,"79,553.37 "," $71,598.04",,23.22/ MOISTURE 20%,,20,,"2,699.00","2,947.00","2,625.33","not paid ",,shipping%20schedule%202025%201eba83cf6f18805e8536eb1202f67822/LABORATORY_REPORT-AEDML250151-R0-AEDMM-25-00087-METALUCK-ZINC-DHL_tracking_number_WAYBILL_4938794151Ecuador_-__VILLINGOTA.pdf,shipping%20schedule%202025%201eba83cf6f18805e8536eb1202f67822/FULL_SET_OF_DOC%2013.pdf,,"May 6, 2025 3:49 PM"
"Befesa / 89 / ELC2400000498/Sidoc ",HDMU BOGA41714400,Done,,11PI-2025,"$61,733.40",16ZND/2025,ELECTRIC ARC FURNACE DUST (EAFD),HMM,"March 16, 2025","April 16, 2025",230.01,317.712,400,"69,363.20  ","$46,541.74",16780.19,33.02,32.29,4.81,04.81,2731.7,2731.7,,"DHL
3649403763",,shipping%20schedule%202025%201eba83cf6f18805e8536eb1202f67822/LABORATORY_REPORT-AEDML250128-R0-AEDMM-25-00059-METALUCK-ZINC-Colombia-BOGA41714400.pdf,shipping%20schedule%202025%201eba83cf6f18805e8536eb1202f67822/FULL_SET_OF_DOC%2014.pdf,"shipping%20schedule%202025%201eba83cf6f18805e8536eb1202f67822/16ZND_Assay_Certificate.pdf, shipping%20schedule%202025%201eba83cf6f18805e8536eb1202f67822/Final_invoice_(1)%202.pdf, shipping%20schedule%202025%201eba83cf6f18805e8536eb1202f67822/Report_No._P-C-250013_ELECTRIC_ARC_FURNACE_DUST(EAFD)_INSPECTION(BL_NO._HDMU_BOGA41714400).pdf, shipping%20schedule%202025%201eba83cf6f18805e8536eb1202f67822/KOMSA_P006_BOGA41714400_23-04-2025.pdf","May 6, 2025 3:49 PM"
SUNPOR TRADING PTE.LTD 90/kenya/TONONOKO/ to Pakistan,MEDUM2729843,In progress/ Final,04ZN/2024,13PI-2025,"$13,155.60",20ZND/2025,Zinc Concentrate Powder,MSC,"March 15, 2025","July 5, 2025",875.71 + 800 $per container (4cont),99.96,100,"89100.15 ","75,944.55",,59.36,,1.63,,"2,811.00",2892.64,,PAID ON 31/3 IN TWO PAYMNETS 30696.4+45248.15,,shipping%20schedule%202025%201eba83cf6f18805e8536eb1202f67822/LABORATORY_REPORT-AEDML250106-R0-AEDMM-25-00059-METALUCK-ZINC-Kenya.pdf,shipping%20schedule%202025%201eba83cf6f18805e8536eb1202f67822/FULL_SET_OF_DOC%2015.pdf,,"May 6, 2025 3:49 PM"
SUNPOR TRADING PTE.LTD 91/Ghana to Pakistan,TMA0151767,In progress/ Final,06ZN/2024,14PI-2025,"$13,272.60",23ZND/2025,Zinc Concentrate Powder,CMA,"March 24, 2025","May 4, 2025",390.67,101.17,100,"37,735.21 ","24,462.61",,38.27 %,,3.98,,"2,836.00",2918.92,,PAID ON 15/4/2025,,"shipping%20schedule%202025%201eba83cf6f18805e8536eb1202f67822/LABORATORY_REPORT-AEDML250157-R0-AEDMM-25-00087-METALUCK-ZINC-_WAYBILL_73_4971_9775Ghana.pdf, shipping%20schedule%202025%201eba83cf6f18805e8536eb1202f67822/LABORATORY_REPORT-AEDML250158-R0-AEDMM-25-00087-METALUCK-ZINC-_WAYBILL_73_4971_9775Ghana.pdf",shipping%20schedule%202025%201eba83cf6f18805e8536eb1202f67822/FULL_SET_OF_DOC%2016.pdf,,"May 6, 2025 3:49 PM"
Befesa / 92 /ELC2500000879/SIDOC,BOGA64354600,In progress/ Provisional,EAF179-2024,15PI-2025,"$118,732.82",24ZND/2025,ELECTRIC ARC FURNACE DUST (EAFD),HMM,"April 29, 2025","May 30, 2025",326.23,268.96,730,"78,629.91","$39,202.32",,39.76,,10.15,,2878.9,2878.9,,,,shipping%20schedule%202025%201eba83cf6f18805e8536eb1202f67822/LABORATORY_REPORT-AEDML250189-AEDMM-25-00117-METALUCK-ZINC-Colombia-BOGA64354600.pdf,,,"May 6, 2025 3:49 PM"
"Befesa / 92 /ELC2500000879/ADELCA ",GQL0390142,Done,EAF179-2024,15PI-2025,"$118,732.82",19ZND/2025,EAFD,CMA,"March 23, 2025","April 17, 2025",178.46,472.45,730,"68,824.53  ","$62,726.39",190.01,27.55,27.27,MOISTURE 19.23/ INVOICE MADE ON 18.23,17.4,2878.9,2878.9,"2,625.33","DHL8941418382Estimated Time of Arrival
April 21, 2025",,shipping%20schedule%202025%201eba83cf6f18805e8536eb1202f67822/LABORATORY_REPORT-AEDML250152-R0-AEDMM-25-00087-METALUCK-ZINC-DHL_tracking_number_WAYBILL_4938794151Ecuador_-__ADELCA_PLANT.pdf,shipping%20schedule%202025%201eba83cf6f18805e8536eb1202f67822/FULL_SET_OF_DOC%2017.pdf,"shipping%20schedule%202025%201eba83cf6f18805e8536eb1202f67822/19ZND_Assay_Certificate_(2).pdf, shipping%20schedule%202025%201eba83cf6f18805e8536eb1202f67822/Final_Invoice_(1).pdf, shipping%20schedule%202025%201eba83cf6f18805e8536eb1202f67822/Report_No._P-C-250014_ELECTRIC_ARC_FURNACE_DUST(EAFD)_INSPECTION(_BL_No._GQL0390142).pdf","May 6, 2025 3:49 PM"
XIN/ 93 /ANDEC STOCK VILLINGOTA,GQL0394530,In progress/ Provisional,MTKEAF2025/003,23PI-2025,"$66,380.16",,Zinc Concentrate Powder,"CMA ","April 27, 2025","June 12, 2025",,1562.212,2250,,,,,,,,,,2800,,,,,,"May 6, 2025 3:49 PM"
XIN/ 93 /Guatemela / AG SIDEGUE,GTA0194651,In progress/ Final,MTKEAF2025/003,16PI-2025,"$13,965.70",26ZND/2025,Zinc Concentrate Powder,CMA,"April 21, 2025","June 2, 2025",441.54,275.910,2250,"120,999.62","$100,983.94",,"42.62 ",," 0.52",,,,2800,,,shipping%20schedule%202025%201eba83cf6f18805e8536eb1202f67822/LABORATORY_REPORT-AEDML250156-R0-AEDMM-25-00087-METALUCK-ZINC-_WAYBILL_6308495535Guatemala.pdf,shipping%20schedule%202025%201eba83cf6f18805e8536eb1202f67822/FULL_SET_OF_DOC%2018.pdf,,"May 6, 2025 3:49 PM"
XIN/ 93 /NOVACERO,GQL0390085,In progress/ Final,MTKEAF2025/003,17PI-2025,"$17,457.12",21ZND/2025,Zinc Concentrate Powder,CMA,"March 22, 2025","May 14, 2025",194.74,333.969,2250,"64,486.79 "," 43,805.34",,26.75,,0.66,,,,2800,,,shipping%20schedule%202025%201eba83cf6f18805e8536eb1202f67822/LABORATORY_REPORT-AEDML250150-R0-AEDMM-25-00087-METALUCK-ZINC-DHL_tracking_number_WAYBILL_4938794151Ecuador_-_NOVACERO.pdf,shipping%20schedule%202025%201eba83cf6f18805e8536eb1202f67822/FULL_SET_OF_DOC%2019.pdf,,"May 6, 2025 3:49 PM"
SUNPOR TRADING PTE.LTD 94/Ghana(star )   to Pakistan,,Not started,07ZN/2024,18PI-2025,"$12,982.20",,Zinc Concentrate Powder,CMA,,,,,100,,,,,,,,"2,774.00",,,,,,,,"May 6, 2025 3:49 PM"
"SUNPOR/ 95 Kenya( Tononoko &Accurate )  ",MOB0150974,In progress/ Provisional,08ZN/2024,19PI-2025,"$23,367.96",,Zinc Concentrate Powder,CMA,"April 29, 2025","September 5, 2025",,,180,,,,,,,,"2,774.00",,,,,,,,"May 6, 2025 3:49 PM"
Befesa / 96 /ELC2500000 / SIDOC,BOGA15903800,In progress/ Provisional,EAF179-2024,20PI-2025,"$180,576.06",29ZND/2025,ELECTRIC ARC FURNACE DUST (EAFD),CMA,"May 25, 2025","June 25, 2025",,,300,,,,,,,,2598.6,2598.6,,,,,,,"May 6, 2025 3:49 PM"
Befesa / 96 /ELC2500000 / ANDEC,GQL0394532,In progress/ Provisional,EAF179-2024,20PI-2025,"$180,576.06",25ZND/2025,EAFD,CMA,"April 27, 2025","May 21, 2025",157.86,202.96,180,"31,739.02","$29,517.29",,27,,0.76,,2598.6,2598.6,,,,shipping%20schedule%202025%201eba83cf6f18805e8536eb1202f67822/LABORATORY_REPORT-AEDML250196-AEDMM-25-00117-METALUCK-ZINC-Ecuador-GQL0394532.pdf,shipping%20schedule%202025%201eba83cf6f18805e8536eb1202f67822/FULL_SET_OF_DOC.%201.pdf,,"May 6, 2025 3:49 PM"
Befesa / 96 /ELC2500000 / ADELCA,GQL0395811,In progress/ Provisional,EAF179-2024,20PI-2025,"$180,576.06",28ZND/2025,EAFD,CMA,"May 4, 2025","June 23, 2025",,740.890,750,,,,,,,,2598.6,2598.6,,,,,,,"May 6, 2025 3:49 PM"
XIN /97 /AG SIDEGUE,252706782,In progress/ Provisional,MTKEAF2025/004,21PI-2025,"$18,620.93",,Zinc Concentrate Powder,MEARSK,"April 28, 2025","June 25, 2025",,,350,,,,,,,,,,2800,,,,,,"May 6, 2025 3:49 PM"
"XIN /97 /ANDEC STOCK VILLINGOTA ",,In progress/ Provisional,MTKEAF2025/004,22PI-2025,"$12,931.20",,Zinc Concentrate Powder,"CMA ",,,,,1000,,,,,,,,,,2800,,,,,,"May 6, 2025 3:49 PM"
XIN /97 /NOVACERO,GQL0394522,In progress/ Final,MTKEAF2025/004,22PI-2025,"$12,931.20",27ZND/2025,Zinc Concentrate Powder,"CMA ","April 28, 2025","June 12, 2025",273.77,305.150,450,"82,261.86","$69,330.66",,31.54,,1.33,,,,2800,,"May 7, 2025",shipping%20schedule%202025%201eba83cf6f18805e8536eb1202f67822/LABORATORY_REPORT-AEDML250195-AEDMM-25-00117-METALUCK-ZINC-Ecuador-GQL0394522.pdf,shipping%20schedule%202025%201eba83cf6f18805e8536eb1202f67822/FULL_SET_OF_DOC.%202.pdf,,"May 6, 2025 3:49 PM"
"XIN /98 /Ethiopia ",,Not started,MTKEAF2025/004,,,,,,,,,,50,,,,,,,,,,,,,,,,"May 6, 2025 3:49 PM"
EAF179-2024,,Not started,,,,,,,,,,,,,,,,,,,,,,,,,,,"May 6, 2025 3:49 PM"